nom, visaCNC
Leon,162078
Kill Bill 1,109344
Terminator 2,77571
v for vendetta,115164
dunepart1,155420
captain america hiver,139238
A Clockwork Orange,39512
Spirited Away,104801
SLUMDOG MILLIONNAIRE,122158
The Good, the Bad and the Ugly,159174
kill Bill 2,
xmen2, 107900
Sherlock ombre, 131949	Tous publics
300: Son of ,139134	Interdiction aux mineurs -12ans avec avertissement
Ghost Rider 2,132305	Tous publics avec avertissement
MISSION IMPOSSIBLE ROGUE NATION	MCQUARRIE Christopher 142356	Tous publics