,id,title,CodePays
0,tt0111161,The Shawshank Redemption,'us'
3,tt0468569,The Dark Knight,"'us', 'gb'"
5,tt1375666,Inception,"'us', 'gb'"
9,tt0137523,Fight Club,"'de', 'us'"
10,tt0109830,Forrest Gump,'us'
12,tt0816692,Interstellar,"'us', 'gb', 'ca'"
15,tt0110912,Pulp Fiction,'us'
16,tt0133093,The Matrix,"'us', 'au'"
19,tt0068646,The Godfather,'us'
22,tt0120737,The Lord of the Rings: The Fellowship of the Ring,"'nz', 'us', 'gb'"
23,tt0167260,The Lord of the Rings: The Return of the King,"'nz', 'us'"
24,tt1345836,The Dark Knight Rises,"'us', 'gb'"
26,tt0167261,The Lord of the Rings: The Two Towers,"'nz', 'us'"
27,tt1853728,Django Unchained,'us'
28,tt0172495,Gladiator,"'us', 'gb', 'mt', 'ma'"
32,tt0993846,The Wolf of Wall Street,'us'
34,tt0361748,Inglourious Basterds,"'us', 'de'"
37,tt0372784,Batman Begins,"'us', 'gb'"
39,tt0102926,The Silence of the Lambs,'us'
40,tt7286456,Joker,"'us', 'ca', 'au'"
44,tt0120815,Saving Private Ryan,'us'
46,tt1130884,Shutter Island,"'us', 'ca'"
47,tt0482571,The Prestige,"'gb', 'us'"
50,tt0076759,Star Wars: Episode IV - A New Hope,'us'
51,tt0848228,The Avengers,'us'
52,tt0407887,The Departed,"'us', 'hk'"
53,tt0120689,The Green Mile,'us'
55,tt0080684,Star Wars: Episode V - The Empire Strikes Back,'us'
56,tt0499549,Avatar,"'us', 'gb'"
57,tt0071562,The Godfather Part II,'us'
60,tt0088763,Back to the Future,'us'
64,tt4154796,Avengers: Endgame,'us'
65,tt0120338,Titanic,'us'
66,tt0099685,Goodfellas,'us'
70,tt2015381,Guardians of the Galaxy,"'us', 'gb'"
71,tt0110413,Léon: The Professional,"'fr', 'us'"
73,tt4154756,Avengers: Infinity War,"'us', 'no'"
74,tt0120382,The Truman Show,'us'
75,tt0910970,WALL·E,"'us', 'jp'"
76,tt0266697,Kill Bill: Vol. 1,'us'
80,tt0169547,American Beauty,'us'
82,tt0103064,Terminator 2: Judgment Day,"'us', 'fr'"
85,tt0434409,V for Vendetta,"'us', 'gb', 'de'"
90,tt1431045,Deadpool,'us'
91,tt0110357,The Lion King,'us'
92,tt1049413,Up,'us'
93,tt0371746,Iron Man,"'us', 'ca'"
94,tt0081505,The Shining,"'gb', 'us'"
98,tt1392190,Mad Max: Fury Road,"'au', 'us'"
101,tt0086190,Star Wars: Episode VI - Return of the Jedi,'us'
102,tt0266543,Finding Nemo,"'us', 'jp'"
103,tt0119217,Good Will Hunting,'us'
107,tt0105236,Reservoir Dogs,'us'
112,tt0112573,Braveheart,'us'
113,tt0114709,Toy Story,'us'
114,tt0477348,No Country for Old Men,'us'
117,tt2267998,Gone Girl,'us'
119,tt0107290,Jurassic Park,'us'
120,tt0082971,Raiders of the Lost Ark,'us'
123,tt2582802,Whiplash,'us'
124,tt6751668,Parasite,'kr'
126,tt1392170,The Hunger Games,'us'
127,tt0198781,"Monsters, Inc.",'us'
128,tt0268978,A Beautiful Mind,'us'
131,tt0078748,Alien,"'gb', 'us'"
132,tt2488496,Star Wars: Episode VII - The Force Awakens,"'us', 'gb'"
133,tt0095016,Die Hard,'us'
134,tt0075314,Taxi Driver,'us'
135,tt0253474,The Pianist,"'fr', 'pl', 'de', 'gb', 'us'"
138,tt3659388,The Martian,"'us', 'gb', 'hu', 'jo'"
141,tt0086250,Scarface,'us'
143,tt2395427,Avengers: Age of Ultron,'us'
144,tt1160419,Dune: Part One,"'us', 'ca'"
147,tt10872600,Spider-Man: No Way Home,'us'
149,tt0208092,Snatch,"'gb', 'us'"
150,tt1843866,Captain America: The Winter Soldier,'us'
151,tt0800369,Thor,'us'
152,tt0458339,Captain America: The First Avenger,'us'
153,tt1300854,Iron Man 3,'us'
154,tt0435761,Toy Story 3,'us'
155,tt2278388,The Grand Budapest Hotel,"'us', 'de'"
159,tt0050083,12 Angry Men,'us'
160,tt0145487,Spider-Man,'us'
164,tt0066921,A Clockwork Orange,"'gb', 'us'"
167,tt1663202,The Revenant,"'us', 'hk', 'tw', 'ar'"
169,tt0245429,Spirited Away,"'jp', 'us'"
170,tt7131622,Once Upon a Time... in Hollywood,"'us', 'gb', 'cn'"
171,tt0241527,Harry Potter and the Sorcerer's Stone,"'gb', 'us'"
174,tt1228705,Iron Man 2,'us'
175,tt1010048,Slumdog Millionaire,"'gb', 'fr', 'us', 'in'"
180,tt0120915,Star Wars: Episode I - The Phantom Menace,"'us', 'gb'"
181,tt15398776,Oppenheimer,"'us', 'gb'"
182,tt0416449,300,"'us', 'ca', 'bg'"
186,tt0118715,The Big Lebowski,"'gb', 'us'"
188,tt3315342,Logan,'us'
189,tt3498820,Captain America: Civil War,"'us', 'de', 'pr'"
190,tt1119646,The Hangover,"'us', 'de'"
193,tt0382932,Ratatouille,'us'
194,tt0121766,Star Wars: Episode III - Revenge of the Sith,"'us', 'it', 'ch', 'th', 'gb'"
195,tt1454468,Gravity,"'gb', 'us'"
198,tt1825683,Black Panther,'us'
199,tt1392214,Prisoners,'us'
200,tt1877830,The Batman,'us'
203,tt2096673,Inside Out,'us'
204,tt0947798,Black Swan,'us'
206,tt0317705,The Incredibles,'us'
207,tt0083658,Blade Runner,"'us', 'gb'"
210,tt2084970,The Imitation Game,'us'
212,tt0060196,"The Good, the Bad and the Ugly","'it', 'es', 'xwg', 'us'"
213,tt0480249,I Am Legend,"'us', 'gb'"
215,tt1211837,Doctor Strange,"'us', 'hk', 'np'"
216,tt1205489,Gran Torino,"'de', 'us'"
220,tt0097576,Indiana Jones and the Last Crusade,'us'
223,tt0378194,Kill Bill: Vol. 2,'us'
226,tt0317248,City of God,"'br', 'fr'"
232,tt0770828,Man of Steel,"'us', 'gb', 'ca'"
235,tt0093058,Full Metal Jacket,"'gb', 'us'"
238,tt0211915,Amélie,"'fr', 'de'"
240,tt2543164,Arrival,"'us', 'ca'"
244,tt0090605,Aliens,"'gb', 'us'"
245,tt0401792,Sin City,'us'
247,tt0383574,Pirates of the Caribbean: Dead Man's Chest,'us'
248,tt3896198,Guardians of the Galaxy Vol. 2,'us'
249,tt1285016,The Social Network,'us'
254,tt0121765,Star Wars: Episode II - Attack of the Clones,"'us', 'gb'"
255,tt0144084,American Psycho,'us'
257,tt2911666,John Wick,'us'
258,tt0118799,Life Is Beautiful,'it'
259,tt0126029,Shrek,'us'
261,tt5013056,Dunkirk,"'gb', 'nl', 'fr', 'us'"
264,tt1631867,Edge of Tomorrow,"'us', 'ca', 'in'"
266,tt2975590,Batman v Superman: Dawn of Justice,"'us', 'ma'"
269,tt1877832,X-Men: Days of Future Past,"'gb', 'us', 'ca'"
270,tt2024544,12 Years a Slave,"'gb', 'us'"
273,tt1045658,Silver Linings Playbook,'us'
277,tt0113277,Heat,'us'
279,tt2250912,Spider-Man: Homecoming,'us'
280,tt0116282,Fargo,"'gb', 'us'"
283,tt0062622,2001: A Space Odyssey,"'gb', 'us'"
286,tt0816711,World War Z,"'us', 'gb'"
290,tt2802144,Kingsman: The Secret Service,"'gb', 'us'"
292,tt1981115,Thor: The Dark World,'us'
293,tt0478970,Ant-Man,'us'
294,tt1951264,The Hunger Games: Catching Fire,'us'
295,tt0316654,Spider-Man 2,'us'
298,tt1270798,X-Men: First Class,"'us', 'gb'"
299,tt0405159,Million Dollar Baby,'us'
300,tt1386697,Suicide Squad,'us'
304,tt0780504,Drive,'us'
306,tt1136608,District 9,"'za', 'us', 'nz', 'ca'"
307,tt0948470,The Amazing Spider-Man,'us'
310,tt4633694,Spider-Man: Into the Spider-Verse,"'ca', 'us'"
312,tt0304141,Harry Potter and the Prisoner of Azkaban,"'gb', 'us'"
314,tt0295297,Harry Potter and the Chamber of Secrets,"'gb', 'us'"
317,tt0421715,The Curious Case of Benjamin Button,'us'
319,tt1504320,The King's Speech,"'us', 'gb'"
322,tt0451279,Wonder Woman,"'us', 'cn', 'hk'"
325,tt0449088,Pirates of the Caribbean: At World's End,'us'
326,tt3748528,Rogue One: A Star Wars Story,'us'
327,tt0330373,Harry Potter and the Goblet of Fire,"'gb', 'us'"
330,tt0107048,Groundhog Day,'us'
333,tt1856101,Blade Runner 2049,"'us', 'ca', 'es'"
336,tt5463162,Deadpool 2,"'us', 'ca'"
337,tt0369610,Jurassic World,"'us', 'ca'"
338,tt1798709,Her,'us'
339,tt0418279,Transformers,'us'
343,tt0099785,Home Alone,'us'
344,tt2527336,Star Wars: Episode VIII - The Last Jedi,'us'
345,tt0988045,Sherlock Holmes,"'us', 'de'"
348,tt2294629,Frozen,'us'
349,tt0454876,Life of Pi,"'us', 'tw', 'gb', 'ca', 'in', 'fr'"
350,tt1637725,Ted,'us'
351,tt2562232,Birdman or (The Unexpected Virtue of Ignorance),'us'
355,tt1446714,Prometheus,"'gb', 'us'"
356,tt0120903,X-Men,"'us', 'ca'"
357,tt0440963,The Bourne Ultimatum,"'us', 'de', 'fr', 'es'"
359,tt0469494,There Will Be Blood,'us'
362,tt0413300,Spider-Man 3,'us'
365,tt0373889,Harry Potter and the Order of the Phoenix,"'gb', 'us'"
368,tt0162222,Cast Away,'us'
372,tt0332280,The Notebook,'us'
374,tt1024648,Argo,"'gb', 'us'"
376,tt0234215,The Matrix Reloaded,'us'
379,tt3890160,Baby Driver,"'gb', 'us'"
381,tt2380307,Coco,"'us', 'mx'"
382,tt0240772,Ocean's Eleven,'us'
384,tt1156398,Zombieland,'us'
385,tt0120363,Toy Story 2,'us'
386,tt1396484,It,"'us', 'ca'"
389,tt0119488,L.A. Confidential,'us'
391,tt11286314,Don't Look Up,"'us', 'ca'"
392,tt2119532,Hacksaw Ridge,'us'
393,tt4154664,Captain Marvel,"'us', 'au'"
394,tt2872718,Nightcrawler,'us'
396,tt6966692,Green Book,"'us', 'cn'"
397,tt0443706,Zodiac,'us'
400,tt0120735,"Lock, Stock and Two Smoking Barrels","'gb', 'us'"
401,tt0926084,Harry Potter and the Deathly Hallows: Part 1,"'gb', 'us'"
404,tt0034583,Casablanca,'us'
407,tt6723592,Tenet,"'us', 'gb'"
411,tt1219289,Limitless,'us'
414,tt0796366,Star Trek,"'us', 'de'"
417,tt6644200,A Quiet Place,'us'
420,tt0417741,Harry Potter and the Half-Blood Prince,"'gb', 'us'"
423,tt0116629,Independence Day,'us'
424,tt1232829,21 Jump Street,'us'
427,tt1727824,Bohemian Rhapsody,"'gb', 'us'"
428,tt1343092,The Great Gatsby,"'au', 'us'"
430,tt0365748,Shaun of the Dead,"'gb', 'fr', 'us'"
433,tt1323594,Despicable Me,"'us', 'fr'"
435,tt1250777,Kick-Ass,"'gb', 'us'"
436,tt0450259,Blood Diamond,"'us', 'de', 'gb'"
438,tt0181689,Minority Report,'us'
442,tt0409459,Watchmen,'us'
443,tt0096874,Back to the Future Part II,'us'
447,tt0290334,X2: X-Men United,"'ca', 'us'"
448,tt6320628,Spider-Man: Far from Home,"'us', 'cz', 'au', 'ca', 'it'"
449,tt0343818,"I, Robot","'us', 'de'"
450,tt0258463,The Bourne Identity,"'cz', 'de', 'us'"
452,tt1318514,Rise of the Planet of the Apes,"'us', 'gb', 'ca'"
453,tt1570728,"Crazy, Stupid, Love.",'us'
456,tt0454921,The Pursuit of Happyness,'us'
457,tt0097165,Dead Poets Society,'us'
461,tt4972582,Split,"'us', 'jp'"
464,tt1022603,500 Days of Summer,'us'
469,tt1298650,Pirates of the Caribbean: On Stranger Tides,"'us', 'gb'"
470,tt1457767,The Conjuring,'us'
472,tt5027774,"Three Billboards Outside Ebbing, Missouri","'gb', 'us'"
476,tt6710474,Everything Everywhere All at Once,'us'
477,tt2948356,Zootopia,'us'
478,tt2713180,Fury,"'cn', 'us'"
479,tt1270797,Venom,"'us', 'cn'"
480,tt1659337,The Perks of Being a Wallflower,'us'
481,tt1483013,Oblivion,'us'
484,tt0356910,Mr. & Mrs. Smith,'us'
486,tt0945513,Source Code,"'us', 'ca', 'fr', 'de'"
488,tt0095953,Rain Man,'us'
489,tt1872181,The Amazing Spider-Man 2,'us'
491,tt0242653,The Matrix Revolutions,"'us', 'au'"
494,tt0376994,X-Men: The Last Stand,"'us', 'gb', 'ca'"
495,tt1411697,The Hangover Part II,'us'
497,tt0458525,X-Men Origins: Wolverine,"'us', 'gb'"
498,tt0087469,Indiana Jones and the Temple of Doom,'us'
501,tt0425112,Hot Fuzz,"'gb', 'fr', 'us'"
503,tt0441773,Kung Fu Panda,'us'
504,tt0367594,Charlie and the Chocolate Factory,"'gb', 'us'"
509,tt2179136,American Sniper,'us'
513,tt0206634,Children of Men,"'us', 'gb', 'jp'"
515,tt0099487,Edward Scissorhands,'us'
518,tt1663662,Pacific Rim,"'us', 'mx'"
520,tt1229238,Mission: Impossible - Ghost Protocol,"'us', 'ae', 'ru', 'ca', 'cz', 'in'"
523,tt0268380,Ice Age,'us'
524,tt4425200,John Wick: Chapter 2,"'us', 'it', 'hk', 'ca'"
525,tt1477834,Aquaman,'us'
529,tt0449059,Little Miss Sunshine,'us'
532,tt1790864,The Maze Runner,"'us', 'gb'"
533,tt1630029,Avatar: The Way of Water,'us'
534,tt0298148,Shrek 2,'us'
536,tt2245084,Big Hero 6,'us'
537,tt0092099,Top Gun,'us'
540,tt3183660,Fantastic Beasts and Where to Find Them,"'gb', 'us', 'ca'"
543,tt1951265,The Hunger Games: Mockingjay - Part 1,"'us', 'ca', 'fr'"
544,tt1950186,Ford v Ferrari,'us'
545,tt0398286,Tangled,"'us', 'jp'"
546,tt1895587,Spotlight,'us'
547,tt2527338,Star Wars: Episode IX - The Rise of Skywalker,"'us', 'gb'"
548,tt1677720,Ready Player One,"'us', 'in', 'sg', 'ca', 'gb', 'jp', 'au'"
552,tt9419884,Doctor Strange in the Multiverse of Madness,'us'
553,tt1291584,Warrior,'us'
554,tt0362227,The Terminal,'us'
558,tt1568346,The Girl with the Dragon Tattoo,"'se', 'us'"
559,tt1454029,The Help,"'us', 'in'"
560,tt1430132,The Wolverine,"'us', 'gb', 'jp'"
561,tt1596363,The Big Short,'us'
565,tt1800241,American Hustle,"'us', 'cn'"
566,tt3397884,Sicario,"'us', 'mx', 'hk'"
567,tt1535109,Captain Phillips,"'us', 'gb', 'mt'"
569,tt1099212,Twilight,"'us', 'gb'"
570,tt1723121,We're the Millers,"'us', 'gb'"
573,tt0327056,Mystic River,"'us', 'au'"
576,tt1408101,Star Trek Into Darkness,'us'
579,tt0367882,Indiana Jones and the Kingdom of the Crystal Skull,'us'
582,tt0317219,Cars,'us'
583,tt0099088,Back to the Future Part III,'us'
586,tt0372183,The Bourne Supremacy,"'us', 'de', 'in', 'ru'"
588,tt2103281,Dawn of the Planet of the Apes,"'us', 'gb', 'ca'"
589,tt0458352,The Devil Wears Prada,"'us', 'fr'"
590,tt6263850,Deadpool & Wolverine,"'us', 'gb', 'nz', 'ca'"
591,tt0319262,The Day After Tomorrow,'us'
592,tt2980516,The Theory of Everything,"'gb', 'jp', 'us'"
593,tt0139654,Training Day,'us'
595,tt0101414,Beauty and the Beast,"'us', 'jp'"
596,tt12593682,Bullet Train,"'us', 'jp'"
597,tt1515091,Sherlock Holmes: A Game of Shadows,'us'
600,tt0974015,Justice League,"'us', 'ca', 'gb'"
604,tt0407304,War of the Worlds,'us'
608,tt0117060,Mission: Impossible,'us'
612,tt0217505,Gangs of New York,"'us', 'it'"
615,tt0103639,Aladdin,'us'
616,tt0347149,Howl's Moving Castle,"'jp', 'us'"
617,tt1535108,Elysium,"'us', 'ca'"
620,tt0120616,The Mummy,'us'
621,tt1772341,Wreck-It Ralph,'us'
622,tt0780536,In Bruges,"'gb', 'us'"
625,tt3385516,X-Men: Apocalypse,'us'
626,tt1499658,Horrible Bosses,'us'
628,tt2283362,Jumanji: Welcome to the Jungle,"'us', 'au', 'ca', 'mx', 'in', 'gb'"
629,tt0070047,The Exorcist,'us'
631,tt0093773,Predator,"'us', 'mx'"
632,tt11564570,Glass Onion,'us'
633,tt1355644,Passengers,"'hk', 'au', 'us'"
635,tt5095030,Ant-Man and the Wasp,"'us', 'ca'"
636,tt0382625,The Da Vinci Code,"'us', 'mt', 'fr', 'gb'"
639,tt0087332,Ghostbusters,'us'
641,tt0942385,Tropic Thunder,"'us', 'gb', 'de'"
643,tt3170832,Room,"'ie', 'ca', 'gb', 'us'"
645,tt2584384,Jojo Rabbit,"'cz', 'nz', 'us', 'de'"
649,tt1637688,In Time,'us'
650,tt0093779,The Princess Bride,'us'
651,tt0120591,Armageddon,'us'
652,tt9376612,Shang-Chi and the Legend of the Ten Rings,'us'
653,tt6264654,Free Guy,"'us', 'ca'"
654,tt1217209,Brave,"'us', 'jp', 'gb'"
655,tt0377092,Mean Girls,"'us', 'ca'"
661,tt1605783,Midnight in Paris,"'es', 'us', 'fr'"
663,tt5580390,The Shape of Water,"'us', 'mx'"
664,tt0119698,Princess Mononoke,'jp'
665,tt0443453,Borat,"'us', 'gb'"
666,tt0360717,King Kong,"'us', 'nz', 'de'"
669,tt0119567,The Lost World: Jurassic Park,'us'
670,tt0351283,Madagascar,"'us', 'ca', 'gb'"
672,tt0217869,Unbreakable,'us'
673,tt0091763,Platoon,"'us', 'gb'"
674,tt12361974,Zack Snyder's Justice League,'us'
677,tt1014759,Alice in Wonderland,"'us', 'it', 'ca', 'jp', 'gb'"
678,tt9764362,The Menu,'us'
679,tt0105695,Unforgiven,'us'
682,tt0831387,Godzilla,"'us', 'jp'"
684,tt6146586,John Wick: Chapter 3 - Parabellum,"'us', 'ma', 'ua', 'it'"
685,tt1302006,The Irishman,'us'
686,tt3480822,Black Widow,'us'
687,tt0119174,The Game,'us'
690,tt0163651,American Pie,'us'
692,tt0032138,The Wizard of Oz,'us'
695,tt0455944,The Equalizer,'us'
697,tt1245492,This Is the End,'us'
698,tt1399103,Transformers: Dark of the Moon,"'us', 'hk', 'kh', 'gb'"
701,tt1690953,Despicable Me 2,"'us', 'fr'"
704,tt0363771,"The Chronicles of Narnia: The Lion, the Witch and the Wardrobe","'gb', 'us'"
705,tt1055369,Transformers: Revenge of the Fallen,"'us', 'jo', 'gb'"
709,tt0099674,The Godfather Part III,'us'
712,tt0232500,The Fast and the Furious,"'us', 'de'"
714,tt1517451,A Star Is Born,'us'
717,tt10648342,Thor: Love and Thunder,"'au', 'us'"
718,tt8367814,The Gentlemen,"'us', 'gb'"
719,tt1060277,Cloverfield,'us'
722,tt6334354,The Suicide Squad,'us'
726,tt0840361,The Town,"'us', 'gb'"
729,tt0361862,The Machinist,"'es', 'us'"
732,tt0104431,Home Alone 2: Lost in New York,'us'
733,tt6791350,Guardians of the Galaxy Vol. 3,"'us', 'nz', 'fr', 'ca'"
735,tt0337978,Live Free or Die Hard,"'us', 'gb'"
737,tt1905041,Fast & Furious 6,"'us', 'jp', 'es', 'hk', 'gb'"
738,tt2820852,Furious 7,"'us', 'cn', 'jp', 'ca', 'ae'"
739,tt0349903,Ocean's Twelve,'us'
741,tt2381249,Mission: Impossible - Rogue Nation,"'us', 'cn', 'gb', 'at', 'ma', 'hk'"
744,tt0118971,The Devil's Advocate,'us'
745,tt2294449,22 Jump Street,'us'
749,tt1596343,Fast Five,"'us', 'jp', 'br'"
750,tt0112864,Die Hard with a Vengeance,'us'
751,tt7784604,Hereditary,'us'
752,tt0096895,Batman,"'us', 'gb'"
755,tt0120912,Men in Black II,'us'
757,tt0147800,10 Things I Hate About You,'us'
758,tt0117571,Scream,'us'
759,tt3521164,Moana,'us'
760,tt2582846,The Fault in Our Stars,'us'
761,tt0119094,Face/Off,'us'
763,tt1542344,127 Hours,"'gb', 'us', 'fr'"
767,tt1587310,Maleficent,"'us', 'ca', 'gb'"
768,tt0454848,Inside Man,'us'
770,tt2194499,About Time,"'gb', 'us'"
771,tt1190080,2012,'us'
773,tt0230600,The Others,"'es', 'fr', 'us'"
775,tt1632708,Friends with Benefits,'us'
776,tt1453405,Monsters University,"'us', 'jp'"
777,tt0111257,Speed,'us'
778,tt9032400,Eternals,'us'
779,tt2948372,Soul,'us'
780,tt0096283,My Neighbor Totoro,'jp'
781,tt0166924,Mulholland Drive,"'fr', 'us'"
784,tt1706620,Snowpiercer,"'kr', 'cz'"
786,tt2737304,Bird Box,'us'
787,tt0317919,Mission: Impossible III,"'us', 'de', 'cn', 'it'"
790,tt0328107,Man on Fire,"'ch', 'gb', 'us', 'mx'"
791,tt0094721,Beetlejuice,'us'
793,tt0091042,Ferris Bueller's Day Off,'us'
796,tt1490017,The Lego Movie,"'us', 'dk', 'au', 'no'"
799,tt0286106,Signs,'us'
801,tt1409024,Men in Black³,"'ae', 'us'"
804,tt0448115,Shazam!,"'us', 'ca'"
807,tt0120663,Eyes Wide Shut,"'gb', 'us'"
809,tt0317740,The Italian Job,"'us', 'it', 'gb', 'de', 'fr'"
810,tt0343660,50 First Dates,'us'
812,tt0408236,Sweeney Todd: The Demon Barber of Fleet Street,"'us', 'gb'"
814,tt0443543,The Illusionist,"'us', 'cz'"
815,tt0099423,Die Hard 2,'us'
816,tt0113497,Jumanji,'us'
819,tt0081398,Raging Bull,'us'
820,tt4912910,Mission: Impossible - Fallout,"'us', 'cn', 'fr', 'no'"
823,tt0107688,The Nightmare Before Christmas,'us'
824,tt0087843,Once Upon a Time in America,"'it', 'us'"
826,tt0338751,The Aviator,"'us', 'de'"
829,tt1068680,Yes Man,"'us', 'gb'"
833,tt3778644,Solo: A Star Wars Story,'us'
834,tt1951266,The Hunger Games: Mockingjay - Part 2,"'us', 'de', 'ca', 'fr'"
835,tt0477347,Night at the Museum,"'us', 'gb'"
836,tt0120755,Mission: Impossible II,"'us', 'de', 'au'"
839,tt0360486,Constantine,"'us', 'de'"
841,tt0357413,Anchorman: The Legend of Ron Burgundy,'us'
845,tt0119396,Jackie Brown,'us'
848,tt0298130,The Ring,"'us', 'jp'"
851,tt0363163,Downfall,"'de', 'at', 'it'"
853,tt1182345,Moon,"'gb', 'us'"
855,tt0100405,Pretty Woman,'us'
856,tt4649466,Kingsman: The Golden Circle,"'gb', 'us', 'it'"
857,tt1041829,The Proposal,'us'
858,tt0790724,Jack Reacher,'us'
861,tt0496806,Ocean's Thirteen,'us'
863,tt0077416,The Deer Hunter,"'us', 'gb'"
864,tt1065073,Boyhood,'us'
866,tt1748122,Moonrise Kingdom,'us'
867,tt0878804,The Blind Side,'us'
868,tt1320253,The Expendables,"'us', 'bg', 'es', 'de'"
870,tt0117500,The Rock,'us'
871,tt0100802,Total Recall,"'us', 'mx'"
872,tt0212338,Meet the Parents,'us'
876,tt1104001,Tron: Legacy,"'us', 'in', 'gb', 'mx', 'jp', 'ca'"
877,tt1403865,True Grit,'us'
881,tt2788710,The Interview,'us'
882,tt0368891,National Treasure,'us'
883,tt6857112,Us,"'us', 'cn', 'jp'"
884,tt0822854,Shooter,'us'
888,tt1790809,Pirates of the Caribbean: Dead Men Tell No Tales,"'us', 'au', 'gb', 'ca'"
889,tt0910936,Pineapple Express,'us'
890,tt1231583,Due Date,'us'
894,tt0125439,Notting Hill,"'gb', 'us'"
897,tt0071315,Chinatown,'us'
900,tt0887883,Burn After Reading,"'gb', 'fr', 'us'"
902,tt3731562,Kong: Skull Island,"'us', 'cn', 'vn', 'ca', 'de', 'gb', 'sg', 'in', 'au'"
906,tt0110148,Interview with the Vampire,'us'
908,tt0213149,Pearl Harbor,'us'
909,tt0167190,Hellboy,'us'
914,tt7653254,Marriage Story,"'gb', 'us'"
915,tt0053125,North by Northwest,'us'
918,tt4881806,Jurassic World: Fallen Kingdom,"'us', 'cn'"
919,tt0112471,Before Sunrise,"'us', 'at'"
921,tt0884328,The Mist,'us'
922,tt0209163,The Mummy Returns,"'us', 'ma', 'gb', 'jo'"
923,tt0462538,The Simpsons Movie,'us'
924,tt2140479,The Accountant,'us'
927,tt0120667,Fantastic Four,"'de', 'us', 'ca'"
928,tt0359950,The Secret Life of Walter Mitty,"'us', 'gb'"
929,tt0116367,From Dusk Till Dawn,"'us', 'mx'"
932,tt1193138,Up in the Air,'us'
934,tt0414387,Pride & Prejudice,"'gb', 'fr', 'us'"
938,tt1591095,Insidious,"'us', 'ca'"
941,tt3606756,Incredibles 2,"'us', 'jp'"
942,tt0105323,Scent of a Woman,'us'
943,tt1645170,The Dictator,'us'
946,tt0119528,Liar Liar,'us'
947,tt0095327,Grave of the Fireflies,'jp'
948,tt1951261,The Hangover Part III,'us'
950,tt0457939,The Holiday,'us'
953,tt2771200,Beauty and the Beast,'us'
954,tt0413267,Shrek the Third,'us'
956,tt1638355,The Man from U.N.C.L.E.,"'gb', 'us'"
957,tt0031381,Gone with the Wind,'us'
960,tt2322441,Fifty Shades of Grey,'us'
964,tt0332379,School of Rock,"'us', 'de'"
967,tt0472043,Apocalypto,"'us', 'mx'"
968,tt0094226,The Untouchables,'us'
972,tt0970179,Hugo,"'us', 'gb'"
973,tt0381849,3:10 to Yuma,'us'
976,tt0386588,Hitch,'us'
977,tt14230458,Poor Things,"'ie', 'gb', 'us', 'hu'"
979,tt0190590,"O Brother, Where Art Thou?","'gb', 'fr', 'us'"
981,tt1981677,Pitch Perfect,'us'
982,tt2109248,Transformers: Age of Extinction,"'us', 'cn', 'hk'"
986,tt0103644,Alien³,"'gb', 'us'"
987,tt0103776,Batman Returns,"'us', 'gb'"
991,tt7991608,Red Notice,"'us', 'gb', 'sg', 'it', 'th', 'ca'"
992,tt5726616,Call Me by Your Name,"'br', 'fr', 'it', 'us'"
996,tt0129387,There's Something About Mary,'us'
998,tt0453467,Deja Vu,"'us', 'gb'"
999,tt0944835,Salt,'us'
1000,tt3682448,Bridge of Spies,"'us', 'in', 'de'"
1002,tt0119177,Gattaca,'us'
1005,tt0120201,Starship Troopers,'us'
1008,tt5727208,Uncut Gems,'us'
1009,tt0399201,The Island,'us'
1011,tt4034228,Manchester by the Sea,'us'
1014,tt0320661,Kingdom of Heaven,"'gb', 'de', 'es', 'ma', 'us', 'it', 'fr'"
1016,tt0106977,The Fugitive,'us'
1018,tt0120762,Mulan,'us'
1020,tt0212720,A.I. Artificial Intelligence,"'us', 'gb'"
1024,tt1397280,Taken 2,"'fr', 'us', 'tr', 'gb'"
1025,tt1485796,The Greatest Showman,"'us', 'cn'"
1026,tt1790885,Zero Dark Thirty,"'us', 'in', 'jo'"
1028,tt0118880,Con Air,'us'
1029,tt2316204,Alien: Covenant,"'gb', 'us'"
1030,tt0056172,Lawrence of Arabia,"'gb', 'us'"
1032,tt1764651,The Expendables 2,"'us', 'de', 'cn'"
1034,tt1152836,Public Enemies,"'jp', 'us'"
1036,tt4550098,Nocturnal Animals,"'us', 'cn'"
1038,tt0120623,A Bug's Life,'us'
1039,tt1125849,The Wrestler,"'us', 'fr'"
1041,tt1028528,Death Proof,'us'
1043,tt1598778,Contagion,"'ae', 'us'"
1045,tt7349950,It Chapter Two,"'us', 'ca'"
1048,tt1013752,Fast & Furious,"'jp', 'us'"
1049,tt1253863,300: Rise of an Empire,"'us', 'bg'"
1052,tt0077651,Halloween,'us'
1056,tt0265666,The Royal Tenenbaums,'us'
1060,tt1194173,The Bourne Legacy,"'us', 'jp', 'kr', 'ca', 'ae', 'ph'"
1062,tt4123430,Fantastic Beasts: The Crimes of Grindelwald,"'gb', 'us'"
1065,tt0814314,Seven Pounds,'us'
1066,tt2277860,Finding Dory,'us'
1067,tt3464902,The Lobster,"'ie', 'gb', 'gr', 'fr', 'nl', 'us', 'be'"
1071,tt3065204,The Conjuring 2,"'ca', 'us', 'gb'"
1073,tt0808151,Angels & Demons,"'us', 'it'"
1075,tt4160708,Don't Breathe,"'us', 'hu'"
1076,tt9243946,El Camino,'us'
1077,tt3450958,War for the Planet of the Apes,"'us', 'ca'"
1078,tt0463985,The Fast and the Furious: Tokyo Drift,"'de', 'us'"
1080,tt0077631,Grease,'us'
1085,tt0783233,Atonement,"'gb', 'fr', 'us'"
1090,tt0121164,Corpse Bride,'us'
1092,tt0089218,The Goonies,'us'
1094,tt0170016,How the Grinch Stole Christmas,"'de', 'us'"
1095,tt0437086,Alita: Battle Angel,"'jp', 'ca', 'us'"
1096,tt3263904,Sully,'us'
1098,tt0473075,Prince of Persia: The Sands of Time,'us'
1099,tt3402236,Murder on the Orient Express,"'us', 'gb', 'mt'"
1100,tt1259571,The Twilight Saga: New Moon,'us'
1101,tt2674426,Me Before You,'us'
1102,tt0322259,2 Fast 2 Furious,"'de', 'us'"
1104,tt0800039,Forgetting Sarah Marshall,'us'
1107,tt0120669,Fear and Loathing in Las Vegas,'us'
1109,tt0463854,28 Weeks Later,"'gb', 'es', 'us'"
1110,tt0438097,Ice Age: The Meltdown,"'us', 'gb'"
1111,tt8228288,The Platform,'es'
1112,tt0203009,Moulin Rouge!,"'au', 'us'"
1113,tt0258000,Panic Room,'us'
1115,tt1213663,The World's End,"'gb', 'jp', 'us'"
1117,tt0196229,Zoolander,"'de', 'us', 'au'"
1120,tt0112442,Bad Boys,'us'
1122,tt0212985,Hannibal,"'gb', 'it', 'us'"
1123,tt0450385,1408,'us'
1125,tt0107614,Mrs. Doubtfire,'us'
1126,tt8332922,A Quiet Place Part II,'us'
1131,tt0195714,Final Destination,"'us', 'ca'"
1132,tt6139732,Aladdin,"'us', 'gb', 'sg', 'ca', 'cz', 'rs', 'cn'"
1133,tt0118884,Contact,'us'
1135,tt1133985,Green Lantern,'us'
1138,tt0187078,Gone in 60 Seconds,'us'
1139,tt0104257,A Few Good Men,'us'
1140,tt0097757,The Little Mermaid,'us'
1141,tt7126948,Wonder Woman 1984,'us'
1145,tt0381681,Before Sunset,"'fr', 'us'"
1146,tt7349662,BlacKkKlansman,"'us', 'cn'"
1147,tt0185937,The Blair Witch Project,'us'
1149,tt0452623,Gone Baby Gone,'us'
1152,tt0095765,Cinema Paradiso,"'it', 'fr'"
1155,tt1340138,Terminator Genisys,"'us', 'ca'"
1158,tt2302755,Olympus Has Fallen,'us'
1160,tt1817273,The Place Beyond the Pines,'us'
1162,tt0120804,Resident Evil,"'de', 'gb', 'fr', 'jp', 'us'"
1163,tt1922777,Sinister,"'us', 'gb', 'ca'"
1166,tt3040964,The Jungle Book,"'gb', 'us', 'nz', 'fr', 'ca', 'in'"
1167,tt0800320,Clash of the Titans,"'us', 'gb', 'au'"
1169,tt0151804,Office Space,'us'
1170,tt0116695,Jerry Maguire,'us'
1173,tt0251127,How to Lose a Guy in 10 Days,"'us', 'de'"
1178,tt1979376,Toy Story 4,'us'
1179,tt0837562,Hotel Transylvania,"'us', 'ca'"
1180,tt0093870,RoboCop,'us'
1182,tt0061722,The Graduate,'us'
1183,tt5362988,Wind River,"'gb', 'fr', 'us', 'ca'"
1184,tt0348150,Superman Returns,"'us', 'au'"
1187,tt0290002,Meet the Fockers,'us'
1190,tt1375670,Grown Ups,'us'
1191,tt1650554,Kick-Ass 2,"'gb', 'jp', 'us'"
1193,tt0053291,Some Like It Hot,'us'
1196,tt0259711,Vanilla Sky,"'us', 'es'"
1199,tt0183649,Phone Booth,'us'
1200,tt0320691,Underworld,"'us', 'gb', 'de', 'hu'"
1202,tt10838180,The Matrix Resurrections,"'us', 'au'"
1205,tt0401729,John Carter,'us'
1206,tt6823368,Glass,"'us', 'cn'"
1208,tt4046784,Maze Runner: The Scorch Trials,'us'
1209,tt0486655,Stardust,"'gb', 'us', 'is'"
1212,tt0111503,True Lies,'us'
1215,tt0795421,Mamma Mia!,"'gb', 'de', 'us'"
1217,tt0083944,First Blood,'us'
1219,tt0059578,For a Few Dollars More,"'it', 'es', 'xwg'"
1220,tt0368447,The Village,'us'
1221,tt1077368,Dark Shadows,"'us', 'au', 'gb'"
1223,tt0093409,Lethal Weapon,'us'
1225,tt2381941,Focus,"'us', 'ar'"
1228,tt0486576,Fantastic Four: Rise of the Silver Surfer,"'gb', 'de', 'us', 'hk', 'cn', 'th', 'ca'"
1229,tt0432283,Fantastic Mr. Fox,'us'
1230,tt0286716,Hulk,'us'
1231,tt0075686,Annie Hall,'us'
1232,tt6105098,The Lion King,"'us', 'gb', 'ke'"
1233,tt0119643,Meet Joe Black,'us'
1236,tt1464335,Uncharted,"'es', 'us'"
1237,tt2024469,Non-Stop,"'gb', 'fr', 'ca', 'us'"
1239,tt5537002,Killers of the Flower Moon,'us'
1240,tt0118583,Alien Resurrection,'us'
1241,tt2953050,Encanto,'us'
1242,tt3228774,Cruella,"'us', 'gb', 'ca', 'ie'"
1243,tt1931533,Seven Psychopaths,"'gb', 'us'"
1244,tt0172156,Bad Boys II,'us'
1246,tt11138512,The Northman,"'gb', 'cn', 'us'"
1247,tt0252866,American Pie 2,'us'
1250,tt11813216,The Banshees of Inisherin,"'ie', 'gb', 'us'"
1251,tt8936646,Extraction,"'us', 'in'"
1252,tt0243155,Bridget Jones's Diary,"'ie', 'gb', 'fr', 'us'"
1255,tt1823672,Chappie,'us'
1256,tt0059742,The Sound of Music,'us'
1257,tt0448134,Sunshine,"'gb', 'us'"
1258,tt0364725,Dodgeball: A True Underdog Story,"'de', 'us'"
1259,tt0118688,Batman & Robin,"'us', 'gb'"
1262,tt1080016,Ice Age: Dawn of the Dinosaurs,"'us', 'gb', 'ca'"
1263,tt0112462,Batman Forever,"'us', 'gb'"
1266,tt4846340,Hidden Figures,'us'
1267,tt0358273,Walk the Line,"'de', 'us'"
1268,tt7713068,Birds of Prey and the Fantabulous Emancipation of One Harley Quinn,"'us', 'gb'"
1272,tt1016150,All Quiet on the Western Front,"'de', 'us', 'gb'"
1273,tt0478087,21,'us'
1274,tt0080339,Airplane!,'us'
1278,tt2293640,Minions,"'us', 'fr'"
1280,tt1401152,Unknown,"'us', 'de', 'gb', 'fr', 'jp', 'ca'"
1281,tt0429493,The A-Team,"'us', 'gb'"
1282,tt0080678,The Elephant Man,"'us', 'gb'"
1284,tt0045152,Singin' in the Rain,'us'
1287,tt1673434,The Twilight Saga: Breaking Dawn - Part 2,'us'
1288,tt0844471,Cloudy with a Chance of Meatballs,'us'
1289,tt1959490,Noah,'us'
1290,tt0479884,Crank,'us'
1292,tt1325004,The Twilight Saga: Eclipse,'us'
1293,tt1032755,RocknRolla,"'gb', 'us', 'fr'"
1294,tt1706593,Chronicle,'us'
1295,tt2935510,Ad Astra,"'us', 'cn', 'br'"
1297,tt0092890,Dirty Dancing,'us'
1298,tt1601913,The Grey,"'us', 'gb'"
1300,tt1798684,Southpaw,"'us', 'cn', 'hk'"
1302,tt0057115,The Great Escape,'us'
1303,tt0119282,Hercules,'us'
1304,tt3079380,Spy,'us'
1305,tt0120660,Enemy of the State,'us'
1306,tt5442430,Life,'us'
1307,tt3281548,Little Women,'us'
1308,tt2126355,San Andreas,'us'
1310,tt0250494,Legally Blonde,'us'
1312,tt0985699,Valkyrie,"'gb', 'fr', 'de', 'it', 'es', 'jp', 'us'"
1313,tt2704998,Game Night,'us'
1316,tt0486822,Disturbia,'us'
1319,tt1179904,Paranormal Activity,'us'
1320,tt2660888,Star Trek Beyond,"'us', 'cn'"
1323,tt4630562,The Fate of the Furious,"'cn', 'jp', 'us'"
1324,tt1324999,The Twilight Saga: Breaking Dawn - Part 1,'us'
1325,tt0052618,Ben-Hur,'us'
1328,tt1243957,The Tourist,"'gb', 'fr', 'it', 'us'"
1329,tt0335345,The Passion of the Christ,'us'
1330,tt0112697,Clueless,'us'
1332,tt0914798,The Boy in the Striped Pajamas,"'gb', 'us'"
1336,tt0108550,What's Eating Gilbert Grape,'us'
1337,tt0087363,Gremlins,'us'
1339,tt1436562,Rio,"'us', 'gb'"
1340,tt0465234,National Treasure: Book of Secrets,'us'
1341,tt0134119,The Talented Mr. Ripley,'us'
1345,tt0259324,Ghost Rider,"'us', 'au'"
1346,tt0163978,The Beach,"'gb', 'us'"
1347,tt0117381,Primal Fear,'us'
1351,tt2321549,The Babadook,"'au', 'ca'"
1353,tt0110632,Natural Born Killers,'us'
1355,tt0435625,The Descent,'gb'
1360,tt0479952,Madagascar: Escape 2 Africa,"'us', 'gb'"
1361,tt0120855,Tarzan,"'us', 'jp'"
1362,tt0134847,Pitch Black,'us'
1363,tt1649418,The Gray Man,"'us', 'cz', 'gb', 'ca', 'th', 'dk', 'fr', 'kh', 'vn'"
1364,tt0338348,The Polar Express,"'us', 'au'"
1366,tt5034838,Godzilla vs. Kong,"'us', 'au', 'hk'"
1368,tt1033575,The Descendants,'us'
1369,tt0103874,Dracula,"'us', 'gb'"
1373,tt0448011,Knowing,"'us', 'gb', 'au'"
1374,tt1959563,The Hitman's Bodyguard,"'us', 'hk', 'bg', 'nl', 'ca', 'gb', 'fr'"
1376,tt0098635,When Harry Met Sally...,'us'
1377,tt0123755,Cube,'ca'
1378,tt5580036,"I, Tonya","'us', 'gb', 'qa'"
1381,tt1289401,Ghostbusters,"'us', 'au'"
1383,tt1424381,Predators,'us'
1384,tt5164214,Ocean's Eight,'us'
1387,tt1655442,The Artist,"'fr', 'be', 'us'"
1391,tt0116996,Mars Attacks!,"'us', 'jp', 'gb'"
1393,tt0485947,Mr. Nobody,"'be', 'de', 'ca', 'fr', 'gb', 'lu', 'us'"
1394,tt0117509,Romeo + Juliet,"'us', 'mx', 'au', 'ca'"
1395,tt0265208,The Girl Next Door,'us'
1399,tt0462499,Rambo,"'de', 'us'"
1400,tt10954600,Ant-Man and the Wasp: Quantumania,"'us', 'au', 'ca'"
1401,tt0302886,Old School,'us'
1404,tt0299658,Chicago,"'us', 'de'"
1405,tt4196776,Jason Bourne,"'us', 'cn', 'es', 'jp', 'is', 'de', 'it'"
1407,tt0094737,Big,'us'
1408,tt1411238,No Strings Attached,"'us', 'gb'"
1409,tt0315733,21 Grams,'us'
1410,tt0100157,Misery,'us'
1413,tt0983193,The Adventures of Tintin,"'nz', 'us'"
1416,tt11866324,Prey,'us'
1418,tt0043014,Sunset Boulevard,'us'
1420,tt1210819,The Lone Ranger,'us'
1421,tt0063522,Rosemary's Baby,'us'
1423,tt6806448,Fast & Furious Presents: Hobbs & Shaw,"'us', 'jp', 'gb'"
1424,tt18412256,Alien: Romulus,"'gb', 'us', 'hu', 'au', 'nz', 'ca'"
1426,tt0099653,Ghost,'us'
1427,tt2637276,Ted 2,'us'
1429,tt5083738,The Favourite,"'ie', 'gb', 'us'"
1432,tt0408306,Munich,"'fr', 'ca', 'us'"
1435,tt0311113,Master and Commander: The Far Side of the World,'us'
1438,tt2463208,The Adam Project,'us'
1439,tt13833688,The Whale,'us'
1442,tt0758774,Body of Lies,"'us', 'gb'"
1445,tt1234721,RoboCop,"'us', 'ca'"
1446,tt0129167,The Iron Giant,"'us', 'cz', 'gb'"
1449,tt17351924,Saltburn,"'gb', 'us'"
1450,tt0376541,Closer,"'gb', 'us'"
1451,tt0373469,Kiss Kiss Bang Bang,'us'
1453,tt3553976,Captain Fantastic,'us'
1455,tt2334879,White House Down,'us'
1456,tt0083907,The Evil Dead,'us'
1458,tt0481499,The Croods,'us'
1460,tt0353969,Memories of Murder,'kr'
1464,tt9777666,The Tomorrow War,'us'
1465,tt1972591,King Arthur: Legend of the Sword,"'gb', 'us', 'in', 'ca'"
1468,tt0210945,Remember the Titans,'us'
1469,tt0106519,Carlito's Way,'us'
1471,tt0212346,Miss Congeniality,'us'
1475,tt0397892,Bolt,"'us', 'jp'"
1476,tt0138097,Shakespeare in Love,"'gb', 'us'"
1478,tt0079501,Mad Max,'au'
1480,tt0133152,Planet of the Apes,'us'
1483,tt0120917,The Emperor's New Groove,"'us', 'jp', 'fr'"
1484,tt2404435,The Magnificent Seven,"'us', 'au'"
1485,tt1216475,Cars 2,"'us', 'jp'"
1486,tt0287978,Daredevil,"'us', 'ch'"
1487,tt0758752,Love & Other Drugs,'us'
1489,tt1667889,Ice Age: Continental Drift,"'us', 'gb', 'ca'"
1490,tt1365519,Tomb Raider,"'gb', 'us'"
1491,tt0356150,EuroTrip,'us'
1494,tt0195685,Erin Brockovich,'us'
1497,tt7846844,Enola Holmes,'us'
1498,tt0097428,Ghostbusters II,'us'
1500,tt0337563,13 Going on 30,'us'
1502,tt4513678,Ghostbusters: Afterlife,"'us', 'ca'"
1503,tt0499448,The Chronicles of Narnia: Prince Caspian,"'us', 'pl', 'si', 'cz', 'gb', 'au', 'de', 'nz'"
1504,tt1305806,The Secret in Their Eyes,"'ar', 'es'"
1505,tt0427944,Thank You for Smoking,'us'
1508,tt0094898,Coming to America,'us'
1509,tt0103772,Basic Instinct,"'fr', 'us', 'gb'"
1512,tt5606664,Doctor Sleep,"'ca', 'us'"
1515,tt4555426,Darkest Hour,"'gb', 'us', 'cn'"
1517,tt0207201,What Women Want,'us'
1519,tt0029583,Snow White and the Seven Dwarfs,'us'
1520,tt0959337,Revolutionary Road,"'gb', 'us'"
1523,tt12747748,Leave the World Behind,'us'
1524,tt1605630,American Reunion,'us'
1526,tt1077258,Planet Terror,"'us', 'mx'"
1528,tt3011894,Wild Tales,"'ar', 'es', 'fr', 'gb'"
1531,tt1255953,Incendies,"'ca', 'fr'"
1533,tt2709768,The Secret Life of Pets,"'us', 'fr', 'jp'"
1535,tt1489889,Central Intelligence,"'us', 'cn'"
1536,tt0050825,Paths of Glory,'us'
1537,tt0096438,Who Framed Roger Rabbit,"'us', 'gb'"
1538,tt1291150,Teenage Mutant Ninja Turtles,'us'
1541,tt0275847,Lilo & Stitch,"'us', 'jp'"
1542,tt0146316,Lara Croft: Tomb Raider,"'us', 'gb', 'jp', 'de'"
1543,tt0181865,Traffic,"'de', 'us'"
1544,tt0974661,17 Again,'us'
1546,tt1899353,The Raid: Redemption,"'id', 'fr', 'us'"
1547,tt0086960,Beverly Hills Cop,'us'
1550,tt0461770,Enchanted,"'us', 'dz', 'nz'"
1551,tt0838221,The Darjeeling Limited,"'us', 'in'"
1554,tt0370263,Alien vs. Predator,"'cz', 'gb', 'de', 'ca', 'us'"
1555,tt0328828,American Wedding,"'us', 'de'"
1557,tt0099810,The Hunt for Red October,'us'
1560,tt0120082,Scream 2,'us'
1563,tt0117705,Space Jam,'us'
1565,tt1428538,Hansel & Gretel: Witch Hunters,"'de', 'us'"
1568,tt1155056,"I Love You, Man",'us'
1571,tt2234155,The Internship,'us'
1575,tt0870154,Jungle Cruise,"'us', 'hu', 'ca'"
1576,tt1078912,Night at the Museum: Battle of the Smithsonian,"'us', 'ca'"
1577,tt1340800,Tinker Tailor Soldier Spy,"'gb', 'fr', 'de', 'us'"
1578,tt1462764,Indiana Jones and the Dial of Destiny,'us'
1579,tt3741700,Godzilla: King of the Monsters,"'us', 'jp', 'cn'"
1582,tt1606378,A Good Day to Die Hard,"'us', 'gb', 'hu'"
1583,tt0120630,Chicken Run,"'gb', 'fr', 'us'"
1585,tt1120985,Blue Valentine,'us'
1589,tt1623205,Oz the Great and Powerful,'us'
1590,tt6565702,X-Men: Dark Phoenix,'us'
1591,tt4779682,The Meg,"'us', 'cn'"
1594,tt0114898,Waterworld,'us'
1596,tt1046173,G.I. Joe: The Rise of Cobra,"'us', 'cz', 'fr'"
1601,tt1013743,Knight and Day,'us'
1604,tt0118571,Air Force One,'us'
1605,tt0074285,Carrie,'us'
1606,tt1284575,Bad Teacher,'us'
1607,tt1155076,The Karate Kid,"'cn', 'hk', 'us'"
1608,tt0088846,Brazil,"'gb', 'us'"
1609,tt0829150,Dracula Untold,"'us', 'jp'"
1610,tt0362270,The Life Aquatic with Steve Zissou,'us'
1614,tt0318627,Resident Evil: Apocalypse,"'de', 'gb', 'fr', 'ca', 'us'"
1615,tt0094625,Akira,'jp'
1617,tt0102798,Robin Hood: Prince of Thieves,'us'
1619,tt7798634,Ready or Not,"'us', 'ca'"
1620,tt1560220,Zombieland: Double Tap,'us'
1623,tt3766354,The Equalizer 2,'us'
1624,tt0091064,The Fly,"'us', 'ca'"
1627,tt2094766,Assassin's Creed,"'us', 'fr', 'gb', 'hk', 'tw', 'mt', 'es', 'ca'"
1632,tt4729430,Klaus,"'es', 'gb', 'us', 'at', 'ca', 'fr'"
1633,tt2345759,The Mummy,"'us', 'cn', 'jp'"
1634,tt2406566,Atomic Blonde,"'us', 'se', 'hu'"
1636,tt0401855,Underworld: Evolution,"'us', 'ca'"
1638,tt0477080,Unstoppable,'us'
1639,tt1111422,The Taking of Pelham 123,"'us', 'gb'"
1642,tt10288566,Another Round,"'dk', 'se', 'nl', 'be', 'fr'"
1645,tt0111282,Stargate,"'fr', 'us'"
1648,tt0113247,La haine,'fr'
1650,tt2873282,Red Sparrow,"'us', 'hu'"
1651,tt1458175,The Next Three Days,"'us', 'fr'"
1652,tt1723811,Shame,"'gb', 'ca'"
1653,tt0993842,Hanna,"'us', 'gb', 'de'"
1656,tt1136617,The Killer,'us'
1657,tt0375063,Sideways,'us'
1660,tt2338151,PK,'in'
1661,tt0432021,Resident Evil: Extinction,"'de', 'jp', 'mx', 'ca', 'us'"
1662,tt0114148,Pocahontas,"'us', 'jp'"
1663,tt0183790,A Knight's Tale,'us'
1666,tt2446042,Taken 3,"'fr', 'es', 'us'"
1667,tt12801262,Luca,'us'
1668,tt1213641,First Man,"'us', 'jp', 'cn'"
1671,tt1606389,The Vow,"'us', 'au', 'fr', 'ca', 'de', 'br', 'gb', 'cn'"
1672,tt0814255,Percy Jackson & the Olympians: The Lightning Thief,"'gb', 'ca', 'us'"
1673,tt0053604,The Apartment,'us'
1674,tt0116209,The English Patient,"'us', 'gb'"
1676,tt13560574,X,"'us', 'nz'"
1678,tt0050976,The Seventh Seal,'se'
1680,tt3416742,What We Do in the Shadows,"'nz', 'us'"
1682,tt0082694,The Road Warrior,'au'
1684,tt4520988,Frozen II,"'jp', 'us'"
1685,tt1038988,REC,'es'
1689,tt0021749,City Lights,'us'
1690,tt0366548,Happy Feet,"'us', 'au'"
1693,tt0120863,The Thin Red Line,'us'
1696,tt0061852,The Jungle Book,'us'
1697,tt5519340,Bright,"'us', 'mx', 'au', 'ca', 'in'"
1698,tt0119081,Event Horizon,"'gb', 'us'"
1701,tt3631112,The Girl on the Train,"'us', 'in'"
1702,tt8106534,6 Underground,"'us', 'sg', 'ca', 'cn', 'th', 'de', 'ae', 'it', 'ch', 'hu', 'fr', 'gb', 'at'"
1703,tt0063442,Planet of the Apes,'us'
1704,tt2267968,Kung Fu Panda 3,"'us', 'cn'"
1705,tt3915174,Puss in Boots: The Last Wish,"'us', 'jp'"
1706,tt0352248,Cinderella Man,'us'
1709,tt5715874,The Killing of a Sacred Deer,"'ie', 'gb', 'us'"
1711,tt6450804,Terminator: Dark Fate,"'us', 'es', 'hu', 'cn'"
1713,tt0128445,Rushmore,'us'
1717,tt3470600,Sing,"'jp', 'us', 'fr'"
1718,tt4857264,The Invisible Guest,'es'
1719,tt0106697,Demolition Man,'us'
1721,tt0375912,Layer Cake,"'gb', 'us'"
1724,tt0106308,Army of Darkness,'us'
1727,tt0122690,Ronin,"'gb', 'us'"
1729,tt7657566,Death on the Nile,'us'
1730,tt2333784,The Expendables 3,"'us', 'fr', 'de', 'bg'"
1732,tt1446192,Rise of the Guardians,"'us', 'in'"
1733,tt1465522,Tucker and Dale vs Evil,"'ca', 'gb', 'us', 'in'"
1735,tt1935859,Miss Peregrine's Home for Peculiar Children,"'us', 'gb', 'be', 'ca'"
1737,tt3104988,Crazy Rich Asians,"'us', 'cn'"
1739,tt0455590,The Last King of Scotland,"'gb', 'de', 'us'"
1743,tt0266308,Battle Royale,'jp'
1744,tt0385752,The Golden Compass,"'gb', 'us', 'ca', 'fr', 'au'"
1747,tt1070874,The Trial of the Chicago 7,"'us', 'gb', 'in'"
1748,tt10293406,The Power of the Dog,"'nz', 'gb', 'ca', 'au', 'us'"
1749,tt0387808,Idiocracy,'us'
1750,tt5104604,Isle of Dogs,"'gb', 'de', 'jp', 'us'"
1753,tt14849194,The Holdovers,'us'
1754,tt1646987,Wrath of the Titans,"'us', 'es'"
1756,tt9484998,Palm Springs,"'us', 'hk'"
1757,tt4701182,Bumblebee,"'us', 'cn'"
1761,tt0054698,Breakfast at Tiffany's,'us'
1764,tt0108160,Sleepless in Seattle,'us'
1767,tt1661199,Cinderella,"'gb', 'us', 'dk', 'ca', 'it'"
1768,tt0450278,Hostel,"'us', 'cz'"
1771,tt0072271,The Texas Chain Saw Massacre,'us'
1774,tt0120647,Deep Impact,'us'
1775,tt1596350,This Means War,'us'
1776,tt0104691,The Last of the Mohicans,'us'
1777,tt0293429,Mortal Kombat,'us'
1779,tt3062096,Inferno,"'hu', 'us'"
1781,tt0078346,Superman,"'us', 'gb', 'ch', 'pa'"
1784,tt0276751,About a Boy,"'gb', 'fr', 'us', 'de'"
1787,tt0095705,The Naked Gun: From the Files of Police Squad!,'us'
1790,tt2226417,Insidious: Chapter 2,"'gb', 'ca', 'us'"
1794,tt1964418,Tomorrowland,'us'
1795,tt4244994,The Last Duel,"'us', 'gb'"
1796,tt0097733,Lethal Weapon 2,'us'
1799,tt0389722,30 Days of Night,'us'
1801,tt0993840,Army of the Dead,'us'
1803,tt5848272,Ralph Breaks the Internet,'us'
1804,tt0146882,High Fidelity,"'gb', 'us'"
1805,tt1628841,Independence Day: Resurgence,"'us', 'in'"
1806,tt0017136,Metropolis,'de'
1807,tt2231461,Rampage,'us'
1811,tt0061512,Cool Hand Luke,'us'
1813,tt0918940,The Legend of Tarzan,"'gb', 'ca', 'us', 'au'"
1815,tt0072684,Barry Lyndon,"'gb', 'us'"
1818,tt9770150,Nomadland,'us'
1822,tt7556122,The Old Guard,"'us', 'fr', 'is', 'gb', 'ma', 'ca'"
1823,tt0058331,Mary Poppins,'us'
1824,tt1231587,Hot Tub Time Machine,'us'
1825,tt0110322,Legends of the Fall,'us'
1826,tt0293564,Rush Hour 3,"'us', 'de'"
1827,tt0100403,Predator 2,'us'
1828,tt0101272,The Addams Family,'us'
1829,tt9639470,Last Night in Soho,"'gb', 'cn', 'us'"
1831,tt0092067,Castle in the Sky,'jp'
1832,tt5884052,Pokémon: Detective Pikachu,"'us', 'jp', 'gb', 'ca'"
1836,tt0087544,Nausicaä of the Valley of the Wind,'jp'
1837,tt1502397,Bad Boys for Life,'us'
1839,tt0454841,The Hills Have Eyes,"'us', 'fr', 'ma'"
1840,tt1583421,G.I. Joe: Retaliation,"'us', 'ca'"
1842,tt0055254,One Hundred and One Dalmatians,'us'
1843,tt0089880,Rambo: First Blood Part II,"'us', 'mx'"
1845,tt4873118,The Covenant,"'gb', 'es', 'us'"
1846,tt2170439,Horrible Bosses 2,'us'
1848,tt0042876,Rashomon,'jp'
1851,tt0087182,Dune,"'us', 'mx'"
1852,tt0389790,Bee Movie,"'us', 'ca'"
1853,tt2543472,Wonder,"'us', 'hk', 'ca'"
1854,tt4016934,The Handmaiden,'kr'
1855,tt0311429,The League of Extraordinary Gentlemen,"'us', 'de', 'cz', 'gb'"
1858,tt0478304,The Tree of Life,'us'
1860,tt0084516,Poltergeist,'us'
1862,tt1217613,Battle Los Angeles,'us'
1864,tt6856242,The King's Man,"'gb', 'us'"
1865,tt0117008,Matilda,'us'
1866,tt11858890,The Creator,'us'
1867,tt0120484,The Waterboy,'us'
1868,tt3393786,Jack Reacher: Never Go Back,"'us', 'cn'"
1871,tt2404463,The Heat,"'us', 'gb'"
1872,tt10638522,Talk to Me,"'au', 'gb'"
1873,tt3322940,Annabelle,'us'
1876,tt16419074,Air,'us'
1877,tt0104714,Lethal Weapon 3,'us'
1880,tt4123432,Fantastic Beasts: The Secrets of Dumbledore,"'gb', 'us'"
1883,tt0103074,Thelma & Louise,"'us', 'gb', 'fr'"
1884,tt1220634,Resident Evil: Afterlife,"'de', 'ca', 'us'"
1886,tt0215129,Road Trip,'us'
1888,tt1528100,Exodus: Gods and Kings,"'gb', 'es', 'us'"
1892,tt0465494,Hitman,"'fr', 'us', 'gb', 'tr'"
1893,tt1502712,Fantastic Four,"'us', 'de', 'gb', 'ca'"
1894,tt2369135,Need for Speed,"'us', 'in'"
1895,tt0970416,The Day the Earth Stood Still,"'us', 'ca'"
1896,tt0892782,Monsters vs. Aliens,"'us', 'gb'"
1897,tt0986263,Surrogates,'us'
1898,tt1411250,Riddick,"'ca', 'us'"
1899,tt4116284,The Lego Batman Movie,"'us', 'dk', 'au'"
1902,tt0398808,Bridge to Terabithia,"'us', 'nz'"
1903,tt0372588,Team America: World Police,"'us', 'de'"
1905,tt7040874,A Simple Favor,"'ca', 'us'"
1906,tt5814060,The Nun,'us'
1908,tt0108358,Tombstone,'us'
1909,tt0988595,27 Dresses,'us'
1910,tt3794354,Sonic the Hedgehog,"'us', 'jp', 'ca', 'gb'"
1914,tt0042332,Cinderella,'us'
1916,tt5109280,Raya and the Last Dragon,'us'
1917,tt0393162,Coach Carter,"'us', 'de'"
1921,tt0346491,Alexander,"'us', 'gb', 'de', 'nl', 'fr', 'it', 'ma', 'th'"
1923,tt0274166,Johnny English,"'gb', 'fr', 'mc', 'us'"
1926,tt5052474,Sicario: Day of the Soldado,"'us', 'mx', 'it'"
1927,tt1618434,Murder Mystery,"'us', 'it', 'ca'"
1928,tt2191701,Grown Ups 2,'us'
1929,tt0349683,King Arthur,"'ie', 'gb', 'us'"
1930,tt10028196,Laal Singh Chaddha,'in'
1931,tt2209418,Before Midnight,"'us', 'gr'"
1933,tt0074958,Network,'us'
1934,tt7146812,Onward,"'us', 'jp'"
1935,tt0159097,The Virgin Suicides,'us'
1936,tt0465538,Michael Clayton,'us'
1937,tt0472399,The Mechanic,"'us', 'de'"
1938,tt0832266,"Definitely, Maybe","'gb', 'fr', 'de', 'us'"
1941,tt8178634,RRR,'in'
1942,tt0938283,The Last Airbender,"'us', 'vn', 'gb', 'ca', 'dk'"
1946,tt10366460,CODA,"'fr', 'ca', 'us'"
1948,tt0116583,The Hunchback of Notre Dame,'us'
1949,tt0381707,White Chicks,'us'
1950,tt3371366,Transformers: The Last Knight,"'us', 'cn', 'ca'"
1954,tt4500922,Maze Runner: The Death Cure,'us'
1955,tt0780521,The Princess and the Frog,"'us', 'br', 'ca'"
1956,tt0105793,Wayne's World,'us'
1959,tt0097814,Kiki's Delivery Service,'jp'
1960,tt0118694,In the Mood for Love,"'hk', 'fr'"
1962,tt0022100,M,'de'
1963,tt6166392,Wonka,"'us', 'gb', 'ca'"
1965,tt0122151,Lethal Weapon 4,'us'
1968,tt6412452,The Ballad of Buster Scruggs,'us'
1969,tt0408790,Flightplan,'us'
1970,tt1279935,Date Night,'us'
1971,tt0330793,The Punisher,"'us', 'de', 'jp'"
1972,tt1335975,47 Ronin,"'jp', 'us'"
1973,tt3640424,Allied,"'gb', 'us', 'cn'"
1974,tt2848292,Pitch Perfect 2,'us'
1975,tt7740496,Nightmare Alley,"'us', 'mx', 'ca'"
1977,tt0876563,Ponyo,'jp'
1978,tt0066999,Dirty Harry,'us'
1981,tt17009710,Anatomy of a Fall,'fr'
1983,tt0073629,The Rocky Horror Picture Show,"'gb', 'us'"
1984,tt0458481,Sin City: A Dame to Kill For,"'us', 'gb'"
1985,tt1563738,One Day,"'us', 'gb'"
1986,tt0086465,Trading Places,'us'
1987,tt11245972,Scream,'us'
1989,tt6155172,Roma,"'mx', 'us'"
1990,tt1139328,The Ghost Writer,"'fr', 'de', 'gb', 'be', 'us'"
1992,tt0109831,Four Weddings and a Funeral,'gb'
1993,tt0134084,Scream 3,'us'
1994,tt0498380,Letters from Iwo Jima,'us'
1997,tt0247638,The Princess Diaries,"'us', 'gb'"
1998,tt0963966,The Sorcerer's Apprentice,'us'
1999,tt2140373,Saving Mr. Banks,"'au', 'gb', 'us'"
2000,tt6628394,Bad Times at the El Royale,'us'
2003,tt0266987,Spy Game,"'gb', 'fr', 'de', 'jp', 'us'"
2004,tt0980970,The Chronicles of Narnia: The Voyage of the Dawn Treader,"'us', 'gb', 'ca', 'au', 'de'"
2005,tt5971474,The Little Mermaid,'us'
2006,tt0822832,Marley & Me,'us'
2008,tt0097523,"Honey, I Shrunk the Kids","'us', 'mx'"
2009,tt0834001,Underworld: Rise of the Lycans,"'us', 'nz', 'au'"
2011,tt5433138,F9: The Fast Saga,"'us', 'th', 'ca', 'jp'"
2012,tt1057500,Invictus,'us'
2014,tt0435705,Next,'us'
2016,tt13320622,The Lost City,'us'
2017,tt0093748,"Planes, Trains & Automobiles",'us'
2020,tt0094291,Wall Street,'us'
2021,tt0093437,The Lost Boys,'us'
2024,tt0107362,Last Action Hero,'us'
2027,tt3469046,Despicable Me 3,"'us', 'fr'"
2029,tt0099938,Kindergarten Cop,'us'
2032,tt6266538,Vice,'us'
2034,tt3359350,Road House,'us'
2035,tt2278871,Blue Is the Warmest Colour,"'fr', 'be', 'es'"
2037,tt11214590,House of Gucci,"'us', 'ca', 'gb'"
2038,tt3774114,Snowden,"'us', 'de', 'fr'"
2039,tt0120681,From Hell,"'us', 'gb', 'cz'"
2040,tt0082198,Conan the Barbarian,"'us', 'mx'"
2043,tt1267297,Hercules,"'hu', 'us'"
2046,tt21382296,Carry-On,'us'
2047,tt0120587,Antz,"'us', 'gb'"
2049,tt0464141,The Orphanage,"'es', 'mx', 'fr', 'be'"
2052,tt0397535,Memoirs of a Geisha,'us'
2053,tt0053285,Sleeping Beauty,'us'
2054,tt0990407,The Green Hornet,'us'
2055,tt0032910,Pinocchio,'us'
2056,tt0119345,I Know What You Did Last Summer,'us'
2059,tt1600196,The Drop,'us'
2060,tt0082340,Escape from New York,"'gb', 'us'"
2061,tt7984766,The King,"'gb', 'hu', 'us', 'au'"
2063,tt0122933,Analyze This,"'us', 'au'"
2064,tt0113568,Ghost in the Shell,"'jp', 'gb'"
2067,tt8097030,Turning Red,"'us', 'ca'"
2068,tt1496025,Underworld: Awakening,"'us', 'ca'"
2070,tt0120783,The Parent Trap,"'us', 'gb'"
2071,tt0128442,Rounders,'us'
2072,tt0107120,Hocus Pocus,'us'
2073,tt5108870,Morbius,'us'
2074,tt0276919,Dogville,"'dk', 'nl', 'se', 'de', 'gb', 'fr', 'fi', 'no', 'it'"
2076,tt4566758,Mulan,"'us', 'cn'"
2077,tt0088323,The NeverEnding Story,"'xwg', 'us'"
2080,tt0430105,Four Brothers,'us'
2083,tt0473705,State of Play,"'gb', 'fr', 'us'"
2085,tt12263384,Extraction II,"'cz', 'at', 'au', 'us', 'es', 'de', 'ca', 'gb'"
2086,tt0116922,Lost Highway,"'fr', 'us'"
2088,tt6343314,Creed II,'us'
2089,tt9421570,The Guilty,'us'
2090,tt0101507,Boyz n the Hood,'us'
2091,tt16277242,Society of the Snow,'es'
2092,tt7395114,The Devil All the Time,'us'
2093,tt1131734,Jennifer's Body,"'us', 'ca'"
2094,tt0350258,Ray,'us'
2096,tt10545296,The Hunger Games: The Ballad of Songbirds & Snakes,"'us', 'ca'"
2097,tt7959026,The Mule,"'us', 'ca'"
2100,tt0079417,Kramer vs. Kramer,'us'
2101,tt0989757,Dear John,'us'
2102,tt0322330,Freaky Friday,'us'
2103,tt0090728,Big Trouble in Little China,'us'
2104,tt0043274,Alice in Wonderland,'us'
2106,tt0159365,Cold Mountain,"'us', 'it', 'ro'"
2109,tt1727388,The Way Way Back,'us'
2110,tt0120768,The Negotiator,"'us', 'de'"
2111,tt0095159,A Fish Called Wanda,"'gb', 'us'"
2112,tt0093105,"Good Morning, Vietnam",'us'
2116,tt0034492,Bambi,'us'
2117,tt13143964,Borat Subsequent Moviefilm,"'us', 'gb', 'ro'"
2118,tt0046183,Peter Pan,'us'
2119,tt1403981,Remember Me,'us'
2120,tt5140878,Annabelle: Creation,'us'
2123,tt8847712,The French Dispatch,"'us', 'de', 'se', 'fr', 'gb'"
2124,tt15314262,The Beekeeper,"'gb', 'us'"
2125,tt0089530,Mad Max Beyond Thunderdome,'au'
2127,tt0335438,Starsky & Hutch,'us'
2130,tt0762107,I Now Pronounce You Chuck & Larry,'us'
2131,tt0257076,S.W.A.T.,'us'
2132,tt0373074,Kung Fu Hustle,"'hk', 'cn', 'us'"
2133,tt1334260,Never Let Me Go,"'gb', 'us'"
2134,tt2203939,The Other Woman,'us'
2135,tt0079116,Escape from Alcatraz,'us'
2139,tt1389137,We Bought a Zoo,'us'
2140,tt0100507,Rocky V,'us'
2141,tt0421239,Red Eye,'us'
2145,tt0048280,Lady and the Tramp,'us'
2146,tt1758830,This Is 40,'us'
2147,tt2381111,Brooklyn,"'ie', 'gb', 'ca', 'us'"
2149,tt1855325,Resident Evil: Retribution,"'de', 'ca', 'us'"
2150,tt8009428,Hustle,'us'
2151,tt0451079,Horton Hears a Who!,"'us', 'gb'"
2152,tt0096256,They Live,'us'
2153,tt0106918,The Firm,'us'
2155,tt1399683,Winter's Bone,'us'
2156,tt2283336,Men in Black: International,"'us', 'cn', 'gb'"
2158,tt3829266,The Predator,"'ca', 'us', 'gb', 'in', 'au', 'br', 'cn'"
2160,tt1488606,Triple Frontier,'us'
2161,tt0103855,The Bodyguard,'us'
2164,tt9893250,I Care a Lot,"'us', 'gb'"
2165,tt3289956,The Autopsy of Jane Doe,'gb'
2167,tt2034800,The Great Wall,"'us', 'cn', 'hk', 'au', 'ca', 'jp'"
2168,tt0312004,Wallace & Gromit: The Curse of the Were-Rabbit,"'gb', 'us'"
2170,tt0046250,Roman Holiday,'us'
2173,tt0091203,Highlander,"'gb', 'us'"
2174,tt2222042,Love and Monsters,"'ca', 'us', 'au'"
2175,tt2510894,Hotel Transylvania 2,"'us', 'ca'"
2177,tt0387131,The Constant Gardener,"'gb', 'de', 'ke', 'fr', 'us', 'ch'"
2179,tt1100089,Foxcatcher,'us'
2180,tt1939659,Carrie,'us'
2181,tt13238346,Past Lives,"'us', 'kr'"
2183,tt1086772,Blended,'us'
2184,tt1351685,Jack the Giant Slayer,'us'
2187,tt5886046,Escape Room,"'us', 'za'"
2190,tt2180411,Into the Woods,"'us', 'ca', 'it', 'gb'"
2191,tt1648190,The Dark Tower,'us'
2192,tt0079522,Manhattan,'us'
2193,tt7069210,The Conjuring: The Devil Made Me Do It,'us'
2196,tt15789038,Elemental,'us'
2197,tt1915581,Magic Mike,'us'
2200,tt0051201,Witness for the Prosecution,'us'
2201,tt0104952,My Cousin Vinny,'us'
2202,tt0120784,Payback,'us'
2205,tt3874544,The Boss Baby,'us'
2207,tt0256380,Shallow Hal,"'us', 'de'"
2208,tt4052882,The Shallows,'us'
2209,tt2446980,Joy,'us'
2212,tt0815236,She's Out of My League,'us'
2215,tt0097441,Glory,'us'
2216,tt10676048,The Marvels,'us'
2217,tt0325703,Lara Croft: Tomb Raider - The Cradle of Life,"'us', 'de', 'jp', 'gb', 'hk'"
2218,tt1571234,Mortal Engines,"'cn', 'jp', 'nz', 'us'"
2221,tt11271038,Licorice Pizza,"'us', 'ca'"
2224,tt1549920,The Last Stand,"'us', 'kr'"
2226,tt0790736,R.I.P.D.,'us'
2227,tt0249462,Billy Elliot,"'gb', 'fr'"
2229,tt4698684,Hunt for the Wilderpeople,'nz'
2230,tt0093177,Hellraiser,'gb'
2232,tt1109624,Paddington,"'gb', 'fr'"
2233,tt3316960,Still Alice,"'us', 'gb', 'fr'"
2234,tt5462602,The Big Sick,'us'
2235,tt0033563,Dumbo,'us'
2236,tt0385880,Monster House,'us'
2237,tt9620288,King Richard,"'us', 'au'"
2240,tt0327850,The Rundown,'us'
2243,tt2177771,The Monuments Men,"'de', 'us'"
2244,tt17024450,The Equalizer 3,"'us', 'it', 'au'"
2245,tt1634122,Johnny English Reborn,"'gb', 'fr', 'us'"
2249,tt0063350,Night of the Living Dead,'us'
2253,tt0379725,Capote,"'us', 'ca'"
2254,tt0816442,The Book Thief,"'de', 'us', 'gb'"
2255,tt0947810,Green Zone,"'gb', 'fr', 'es', 'jp', 'us'"
2256,tt0095956,Rambo III,'us'
2258,tt2388715,Oculus,'us'
2261,tt0404032,The Exorcism of Emily Rose,'us'
2263,tt2631186,Baahubali: The Beginning,'in'
2264,tt0067116,The French Connection,'us'
2265,tt0070608,Robin Hood,'us'
2266,tt0042192,All About Eve,'us'
2267,tt0106582,Cliffhanger,"'fr', 'it', 'jp', 'us'"
2270,tt0424095,Flushed Away,"'gb', 'us'"
2271,tt0274558,The Hours,'us'
2272,tt0089881,Ran,"'jp', 'fr'"
2274,tt0092644,Beverly Hills Cop II,'us'
2276,tt2305051,Wild,'us'
2280,tt0424345,Clerks II,'us'
2281,tt2692250,Night at the Museum: Secret of the Tomb,"'gb', 'us'"
2282,tt0070511,Papillon,"'fr', 'us'"
2283,tt0325805,Matchstick Men,'us'
2286,tt1034032,Gamer,'us'
2288,tt0118617,Anastasia,'us'
2289,tt8404614,The Two Popes,"'gb', 'it', 'ar', 'us'"
2290,tt0918927,Doubt,'us'
2295,tt0230011,Atlantis: The Lost Empire,"'us', 'jp'"
2296,tt0012349,The Kid,'us'
2297,tt0075005,The Omen,"'gb', 'us'"
2298,tt1538403,The Mortal Instruments: City of Bones,"'us', 'de', 'ca', 'gb'"
2300,tt9495224,Black Mirror: Bandersnatch,"'gb', 'us'"
2301,tt0133240,Treasure Planet,'us'
2302,tt0758730,Aliens vs. Predator: Requiem,'us'
2303,tt14948432,Red One,"'us', 'ca'"
2304,tt0111070,The Santa Clause,"'us', 'ca'"
2305,tt1205537,Jack Ryan: Shadow Recruit,"'us', 'ru', 'gb'"
2308,tt5758778,Skyscraper,'us'
2310,tt1234548,The Men Who Stare at Goats,"'us', 'gb'"
2312,tt5649144,The Florida Project,'us'
2316,tt0251075,Evolution,'us'
2317,tt0468492,The Host,"'kr', 'jp'"
2320,tt0453451,Mr. Bean's Holiday,"'gb', 'fr', 'de', 'us'"
2324,tt4651520,Bad Moms,"'us', 'cn'"
2326,tt1448755,Killer Elite,"'gb', 'au', 'us', 'jo', 'ma'"
2328,tt1860213,Dirty Grandpa,"'us', 'gb'"
2330,tt17663992,Scream VI,"'us', 'ca', 'gb'"
2331,tt3967856,Okja,"'kr', 'us'"
2332,tt4034354,Swiss Army Man,'us'
2333,tt1038919,The Bounty Hunter,'us'
2334,tt0074486,Eraserhead,'us'
2338,tt1482459,The Lorax,"'us', 'fr'"
2339,tt1489887,Booksmart,'us'
2340,tt3606752,Cars 3,"'us', 'jp'"
2341,tt5177120,The Ministry of Ungentlemanly Warfare,"'us', 'gb', 'tr'"
2342,tt0120890,Wild Things,'us'
2343,tt0060827,Persona,'se'
2344,tt2312718,Homefront,'us'
2345,tt3748172,Gerald's Game,'us'
2346,tt0120657,The 13th Warrior,'us'
2347,tt1616195,J. Edgar,'us'
2349,tt2265171,The Raid 2,"'id', 'us', 'my'"
2350,tt1067106,A Christmas Carol,'us'
2351,tt14998742,Rebel Moon - Part One: A Child of Fire,'us'
2352,tt0096446,Willow,'us'
2353,tt12915716,Adipurush,'in'
2354,tt1298649,The Watch,"'us', 'gb'"
2355,tt1937390,Nymphomaniac: Vol. I,"'dk', 'de', 'be', 'gb', 'fr', 'se', 'us'"
2356,tt0373883,Halloween,'us'
2358,tt0117731,Star Trek: First Contact,'us'
2361,tt0338564,Infernal Affairs,'hk'
2363,tt7979580,The Mitchells vs. the Machines,"'hk', 'ca', 'us'"
2364,tt1528854,Daddy's Home,'us'
2366,tt0245574,Y tu mamá también,'mx'
2367,tt0084827,Tron,"'us', 'tw', 'jp', 'gb'"
2368,tt7160372,The Zone of Interest,"'gb', 'pl', 'us'"
2370,tt1979388,The Good Dinosaur,"'us', 'jp'"
2371,tt0362120,Scary Movie 4,'us'
2372,tt14138650,The Pale Blue Eye,'us'
2373,tt0267913,Scooby-Doo,"'us', 'au'"
2376,tt0119303,Home Alone 3,'us'
2377,tt0084726,Star Trek II: The Wrath of Khan,'us'
2381,tt0449010,Eragon,"'gb', 'hu', 'us'"
2382,tt0190138,The Whole Nine Yards,'us'
2383,tt3846674,To All the Boys I've Loved Before,'us'
2384,tt1135503,Julie & Julia,'us'
2385,tt0101410,Barton Fink,"'gb', 'us'"
2386,tt1911644,The Call,'us'
2387,tt0480025,This Is England,'gb'
2389,tt14230388,Asteroid City,'us'
2391,tt0467197,Max Payne,"'us', 'ca'"
2392,tt0455824,Australia,"'gb', 'au', 'us'"
2393,tt0114388,Sense and Sensibility,"'gb', 'us'"
2394,tt5638642,The Ritual,"'gb', 'ca'"
2395,tt22687790,A Haunting in Venice,'us'
2397,tt0087884,"Paris, Texas","'xwg', 'fr', 'gb'"
2400,tt0074119,All the President's Men,'us'
2402,tt4501244,Why Him?,'us'
2403,tt0071360,The Conversation,'us'
2406,tt0216216,The 6th Day,'us'
2407,tt10298810,Lightyear,"'us', 'ca'"
2408,tt7599146,Sound of Freedom,"'mx', 'us'"
2409,tt1389072,Downsizing,"'us', 'no'"
2410,tt5164432,"Love, Simon",'us'
2413,tt1854564,Percy Jackson: Sea of Monsters,"'us', 'ca'"
2414,tt1000774,Sex and the City,'us'
2416,tt0112740,Crimson Tide,'us'
2417,tt0328880,Brother Bear,"'us', 'jp'"
2418,tt1071875,Ghost Rider: Spirit of Vengeance,"'ae', 'us'"
2419,tt1355630,If I Stay,'us'
2420,tt0365907,A Walk Among the Tombstones,'us'
2421,tt1590193,The Commuter,"'us', 'gb', 'fr', 'cn', 'ca', 'es'"
2422,tt0056801,8½,"'it', 'fr'"
2424,tt0327554,Catwoman,'us'
2427,tt0317198,Bridget Jones: The Edge of Reason,"'ie', 'gb', 'fr', 'us'"
2429,tt0119395,The Jackal,"'gb', 'fr', 'de', 'jp', 'us'"
2431,tt0146838,Any Given Sunday,'us'
2433,tt0164184,The Sum of All Fears,"'us', 'de', 'ca'"
2436,tt0082010,An American Werewolf in London,"'gb', 'us'"
2438,tt0435651,The Giver,"'ca', 'za', 'us'"
2439,tt0203019,Men of Honor,'us'
2440,tt0256415,Sweet Home Alabama,'us'
2441,tt0817230,Valentine's Day,'us'
2445,tt1025100,Gemini Man,"'us', 'cn', 'co'"
2446,tt7401588,Instant Family,'us'
2447,tt8503618,Hamilton,'us'
2448,tt0430357,Miami Vice,"'us', 'de', 'py', 'uy'"
2450,tt0422720,Marie Antoinette,"'fr', 'jp', 'us'"
2452,tt0102510,The Naked Gun 2½: The Smell of Fear,'us'
2455,tt1981128,Geostorm,"'us', 'hk', 'jp', 'ae'"
2456,tt0137494,Entrapment,"'gb', 'de', 'us'"
2458,tt0822847,Priest,'us'
2459,tt0064665,Midnight Cowboy,'us'
2460,tt1408253,Ride Along,'us'
2461,tt9243804,The Green Knight,"'us', 'ca', 'ie'"
2462,tt4777008,Maleficent: Mistress of Evil,"'gb', 'ca', 'us', 'fr'"
2463,tt0085794,The King of Comedy,'us'
2465,tt0031679,Mr. Smith Goes to Washington,'us'
2467,tt2139881,Long Shot,"'us', 'ca', 'co'"
2468,tt0094862,Child's Play,'us'
2470,tt0200550,Coyote Ugly,'us'
2471,tt0061418,Bonnie and Clyde,'us'
2473,tt0055614,West Side Story,'us'
2474,tt0105112,Patriot Games,'us'
2477,tt8721424,"tick, tick... BOOM!",'us'
2478,tt0068473,Deliverance,'us'
2479,tt1179034,From Paris with Love,"'fr', 'gb', 'us'"
2480,tt6048922,Greyhound,"'us', 'ca', 'cn'"
2482,tt0070379,Mean Streets,'us'
2483,tt0421073,Street Kings,'us'
2484,tt3195644,Insidious: Chapter 3,"'gb', 'ca', 'us'"
2487,tt11233960,The Unforgivable,"'gb', 'de', 'us'"
2488,tt0467200,The Other Boleyn Girl,"'gb', 'us'"
2489,tt4849438,Baahubali 2: The Conclusion,'in'
2490,tt0970866,Little Fockers,'us'
2493,tt2870612,"As Above, So Below","'us', 'fr'"
2496,tt15325794,Fall,"'gb', 'us'"
2497,tt1067583,Water for Elephants,"'us', 'gb'"
2498,tt1142977,Frankenweenie,"'us', 'gb'"
2499,tt0348836,Gothika,'us'
2500,tt0366627,The Jacket,"'de', 'us'"
2501,tt0758746,Friday the 13th,'us'
2504,tt5090568,Transformers: Rise of the Beasts,"'us', 'ca', 'gb', 'nz', 'hu', 'pe', 'cn'"
2506,tt2304933,The 5th Wave,"'gb', 'us'"
2507,tt2671706,Fences,"'us', 'ca'"
2509,tt0425123,Just Like Heaven,'us'
2514,tt1307068,Seeking a Friend for the End of the World,'us'
2516,tt0116213,Eraser,'us'
2517,tt0115433,101 Dalmatians,"'us', 'gb'"
2518,tt0095647,Mississippi Burning,'us'
2519,tt0406375,Zathura: A Space Adventure,'us'
2523,tt13654226,The Gorge,"'gb', 'us'"
2524,tt4495098,Gran Turismo,"'jp', 'us'"
2525,tt5323662,A Silent Voice: The Movie,'jp'
2526,tt0168629,Dancer in the Dark,"'dk', 'de', 'nl', 'it', 'us', 'gb', 'fr', 'se', 'fi', 'is', 'no'"
2528,tt1488589,Guillermo del Toro's Pinocchio,"'us', 'mx', 'fr'"
2529,tt0050986,Wild Strawberries,'se'
2532,tt0368008,The Manchurian Candidate,'us'
2536,tt0096969,Born on the Fourth of July,'us'
2538,tt1985966,Cloudy with a Chance of Meatballs 2,"'us', 'ca'"
2540,tt0114924,While You Were Sleeping,'us'
2541,tt0384806,The Amityville Horror,'us'
2542,tt1315981,A Single Man,'us'
2543,tt0065421,The Aristocats,'us'
2544,tt0901476,Bride Wars,'us'
2545,tt0367959,Hannibal Rising,"'cz', 'gb', 'fr', 'it', 'us'"
2547,tt1702439,Safe Haven,'us'
2548,tt0081573,Superman II,"'gb', 'us'"
2551,tt0013442,Nosferatu: A Symphony of Horror,'de'
2554,tt0084805,Tootsie,'us'
2556,tt1063669,The Wave,"'de', 'fr'"
2558,tt0107206,In the Line of Fire,'us'
2559,tt1078940,Couples Retreat,'us'
2562,tt1131729,The Boat That Rocked,"'gb', 'fr', 'de', 'us'"
2566,tt1860353,Turbo,"'us', 'in'"
2567,tt0106611,Cool Runnings,'us'
2568,tt0436697,The Queen,"'gb', 'us', 'fr', 'it'"
2572,tt0098439,Tango & Cash,'us'
2574,tt2548396,The Cloverfield Paradox,'us'
2575,tt0119164,The Full Monty,"'gb', 'us'"
2576,tt0106220,Addams Family Values,'us'
2579,tt0099700,Gremlins 2: The New Batch,'us'
2581,tt3717490,Power Rangers,"'us', 'hk', 'jp', 'ca', 'nz'"
2583,tt0396555,Meet the Robinsons,'us'
2584,tt1682180,Stoker,"'gb', 'us'"
2585,tt4465564,Fifty Shades Darker,"'us', 'cn', 'jp'"
2588,tt0025316,It Happened One Night,'us'
2590,tt3811906,Malignant,"'us', 'cn'"
2593,tt0086567,WarGames,'us'
2594,tt0790686,Mirrors,"'us', 'ro', 'de', 'fr'"
2595,tt0110622,Naked Gun 33 1/3: The Final Insult,'us'
2598,tt2224026,Home,"'us', 'in'"
2599,tt0088930,Clue,'us'
2602,tt0247745,Super Troopers,'us'
2603,tt9071322,Dark Waters,'us'
2605,tt4225622,The Babysitter,'us'
2606,tt6911608,Mamma Mia! Here We Go Again,"'gb', 'us', 'jp', 'cn', 'hr'"
2607,tt0080120,The Warriors,'us'
2608,tt0390521,Super Size Me,"'us', 'bg'"
2609,tt0338337,Paycheck,"'us', 'ca'"
2612,tt0230030,Bedazzled,"'de', 'us'"
2613,tt1206885,Rambo: Last Blood,"'us', 'hk', 'fr', 'bg', 'es', 'se', 'pt'"
2614,tt4731136,A Cure for Wellness,"'de', 'lu', 'us'"
2617,tt1853739,You're Next,"'us', 'gb'"
2619,tt1007029,The Iron Lady,"'gb', 'fr'"
2622,tt0108394,Three Colors: Blue,"'fr', 'pl', 'ch'"
2624,tt1433108,Faster,'us'
2625,tt0313542,Runaway Jury,'us'
2628,tt0861739,Elite Squad,"'br', 'ar'"
2629,tt1226837,Beautiful Boy,'us'
2630,tt19770238,Aftersun,"'gb', 'us', 'tr', 'ph', 'nl'"
2632,tt0870111,Frost/Nixon,"'us', 'gb', 'fr'"
2634,tt8385148,Hitman's Wife's Bodyguard,"'gb', 'us', 'se', 'bg', 'fr'"
2636,tt4364194,The Peanut Butter Falcon,'us'
2638,tt0111495,Three Colors: Red,"'fr', 'ch', 'pl'"
2640,tt0118689,Bean,"'gb', 'us'"
2642,tt1029234,Martyrs,"'fr', 'ca'"
2643,tt0462504,Rescue Dawn,"'lu', 'us'"
2645,tt1478964,Attack the Block,"'gb', 'fr'"
2647,tt0105417,Sister Act,'us'
2648,tt0138749,The Road to El Dorado,"'us', 'ca', 'fr'"
2649,tt0427152,Dinner for Schmucks,'us'
2652,tt1073498,Meet the Spartans,'us'
2653,tt0105665,Twin Peaks: Fire Walk with Me,"'fr', 'us'"
2656,tt1536044,Paranormal Activity 2,'us'
2659,tt4589218,Five Nights at Freddy's,'us'
2660,tt0373926,The Interpreter,"'gb', 'fr', 'de', 'us'"
2662,tt0120902,The X Files,'us'
2663,tt0349205,Cheaper by the Dozen,'us'
2664,tt1675192,Take Shelter,'us'
2665,tt0109444,Clear and Present Danger,"'us', 'ca'"
2669,tt0351977,Walking Tall,'us'
2671,tt0848537,Epic,"'us', 'gb'"
2672,tt1714915,Only Lovers Left Alive,"'gb', 'de', 'gr', 'fr'"
2675,tt0076786,Suspiria,'it'
2677,tt0401383,The Diving Bell and the Butterfly,"'fr', 'us'"
2680,tt0298814,The Core,"'us', 'fr', 'gb', 'it'"
2681,tt0118887,Cop Land,'us'
2684,tt1568921,The Secret World of Arrietty,'jp'
2685,tt0386140,The Legend of Zorro,'us'
2686,tt0066206,Patton,'us'
2690,tt10370710,The Worst Person in the World,"'no', 'fr', 'se', 'dk'"
2691,tt1985949,The Angry Birds Movie,"'us', 'fi'"
2692,tt2170593,St. Vincent,'us'
2693,tt0452702,Vacancy,'us'
2696,tt0335245,The Ladykillers,'us'
2697,tt0057546,The Sword in the Stone,'us'
2698,tt0120907,eXistenZ,"'gb', 'fr', 'ca'"
2701,tt1571222,A Dangerous Method,"'gb', 'de', 'ca'"
2703,tt14641788,Enola Holmes 2,'us'
2704,tt3605418,Knock Knock,"'cl', 'il', 'us'"
2705,tt0386117,Where the Wild Things Are,"'de', 'us', 'au'"
2708,tt0879870,Eat Pray Love,'us'
2709,tt0400717,Open Season,'us'
2710,tt13452446,Damsel,'us'
2711,tt3622592,Paper Towns,'us'
2714,tt0892318,Letters to Juliet,'us'
2715,tt0104652,Porco Rosso,'jp'
2716,tt1860242,The Highwaymen,'us'
2717,tt2241351,Money Monster,'us'
2718,tt1396218,Mr. Popper's Penguins,'us'
2719,tt0480255,The Losers,"'us', 'fr'"
2720,tt0090329,Witness,'us'
2723,tt0325980,Pirates of the Caribbean: The Curse of the Black Pearl,'us'
2724,tt1201607,Harry Potter and the Deathly Hallows: Part 2,"'gb', 'us'"
2727,tt15097216,Jai Bhim,"'in', 'us'"
2728,tt0949731,The Happening,"'us', 'in'"
2729,tt13287846,Napoleon,"'gb', 'us'"
2730,tt0290673,Irreversible,'fr'
2731,tt0172493,"Girl, Interrupted","'us', 'de'"
2732,tt1911658,Penguins of Madagascar,"'us', 'gb'"
2733,tt1800246,That Awkward Moment,'us'
2734,tt2481498,"Extremely Wicked, Shockingly Evil and Vile",'us'
2735,tt9362930,Blue Beetle,"'us', 'mx', 'ca', 'de'"
2738,tt1602620,Amour,"'fr', 'de', 'at'"
2741,tt1027718,Wall Street: Money Never Sleeps,'us'
2742,tt0248667,Ali,'us'
2745,tt0115759,Broken Arrow,'us'
2746,tt0032455,Fantasia,'us'
2747,tt0115685,The Birdcage,'us'
2748,tt0156887,Perfect Blue,'jp'
2749,tt0345950,The SpongeBob SquarePants Movie,"'us', 'au', 'kr'"
2753,tt2193215,The Counselor,"'gb', 'us'"
2754,tt0100935,Wild at Heart,'us'
2755,tt0163187,Runaway Bride,'us'
2756,tt0098206,Road House,'us'
2757,tt1839492,Ruby Sparks,'us'
2760,tt12412888,Sonic the Hedgehog 2,"'us', 'jp', 'gb'"
2762,tt0318462,The Motorcycle Diaries,"'fr', 'gb', 'us', 'ar', 'pe', 'cl', 'de'"
2763,tt4218572,Widows,"'gb', 'us'"
2764,tt9663764,Aquaman and the Lost Kingdom,"'us', 'gb', 'ca', 'au', 'is'"
2766,tt0054047,The Magnificent Seven,'us'
2768,tt0318649,Sahara,"'gb', 'fr', 'de', 'es', 'us'"
